time_utc,asset,signal_type,score,price,status,details
2026-06-19 11:15:01,BTC,SCORE_WATCH,56,54465.0,🟡 BTC WATCH,RSI diario sobrevendido: 35.0|BTC bajo SMA200: -17.4%|Drawdown 30D relevante: -18.4%|Fear & Greed extremo: 14 (Extreme Fear)|MVRV current atractivo: 1.18
2026-06-19 11:18:57,BTC,SCORE_WATCH,56,54453.0,🟡 BTC WATCH,RSI diario sobrevendido: 35.0|BTC bajo SMA200: -17.5%|Drawdown 30D relevante: -18.4%|Fear & Greed extremo: 14 (Extreme Fear)|MVRV current atractivo: 1.18
2026-06-19 11:50:37,BTC,NO_SIGNAL,41,54614.0,⚪ SIN SEÑAL,BTC bajo SMA200: -17.2%|Drawdown 30D relevante: -18.2%|Fear & Greed extremo: 14 (Extreme Fear)|MVRV current atractivo: 1.18
2026-06-19 12:58:47,BTC,NO_SIGNAL,41,54667.0,⚪ SIN SEÑAL,BTC bajo SMA200: -17.1%|Drawdown 30D relevante: -18.1%|Fear & Greed extremo: 14 (Extreme Fear)|MVRV current atractivo: 1.18
2026-06-19 14:21:52,BTC,NO_SIGNAL,41,54997.0,⚪ SIN SEÑAL,BTC bajo SMA200: -16.6%|Drawdown 30D relevante: -17.6%|Fear & Greed extremo: 14 (Extreme Fear)|MVRV current atractivo: 1.18
2026-06-19 15:52:55,BTC,NO_SIGNAL,41,55093.0,⚪ SIN SEÑAL,BTC bajo SMA200: -16.5%|Drawdown 30D relevante: -17.5%|Fear & Greed extremo: 14 (Extreme Fear)|MVRV current atractivo: 1.18
2026-06-19 17:08:36,BTC,NO_SIGNAL,41,54865.0,⚪ SIN SEÑAL,BTC bajo SMA200: -16.8%|Drawdown 30D relevante: -17.8%|Fear & Greed extremo: 14 (Extreme Fear)|MVRV current atractivo: 1.18
2026-06-19 17:58:26,BTC,NO_SIGNAL,41,55011.0,⚪ SIN SEÑAL,BTC bajo SMA200: -16.6%|Drawdown 30D relevante: -17.6%|Fear & Greed extremo: 14 (Extreme Fear)|MVRV current atractivo: 1.18
2026-06-19 18:57:59,BTC,NO_SIGNAL,41,54881.0,⚪ SIN SEÑAL,BTC bajo SMA200: -16.8%|Drawdown 30D relevante: -17.8%|Fear & Greed extremo: 14 (Extreme Fear)|MVRV current atractivo: 1.18
2026-06-19 19:57:06,BTC,NO_SIGNAL,41,54929.0,⚪ SIN SEÑAL,BTC bajo SMA200: -16.7%|Drawdown 30D relevante: -17.7%|Fear & Greed extremo: 14 (Extreme Fear)|MVRV current atractivo: 1.18
2026-06-19 20:48:56,BTC,NO_SIGNAL,41,55000.0,⚪ SIN SEÑAL,BTC bajo SMA200: -16.6%|Drawdown 30D relevante: -17.6%|Fear & Greed extremo: 14 (Extreme Fear)|MVRV current atractivo: 1.18
2026-06-19 21:43:36,BTC,NO_SIGNAL,41,54943.0,⚪ SIN SEÑAL,BTC bajo SMA200: -16.7%|Drawdown 30D relevante: -17.7%|Fear & Greed extremo: 14 (Extreme Fear)|MVRV current atractivo: 1.18
2026-06-19 22:12:04,BTC,NO_SIGNAL,41,54899.0,⚪ SIN SEÑAL,BTC bajo SMA200: -16.8%|Drawdown 30D relevante: -17.8%|Fear & Greed extremo: 14 (Extreme Fear)|MVRV current atractivo: 1.18
2026-06-19 22:36:56,BTC,NO_SIGNAL,41,55067.0,⚪ SIN SEÑAL,BTC bajo SMA200: -16.5%|Drawdown 30D relevante: -17.5%|Fear & Greed extremo: 14 (Extreme Fear)|MVRV current atractivo: 1.18
2026-06-19 23:10:54,BTC,NO_SIGNAL,41,55095.0,⚪ SIN SEÑAL,BTC bajo SMA200: -16.5%|Drawdown 30D relevante: -17.5%|Fear & Greed extremo: 14 (Extreme Fear)|MVRV current atractivo: 1.18
2026-06-19 23:41:15,BTC,NO_SIGNAL,41,55129.0,⚪ SIN SEÑAL,BTC bajo SMA200: -16.4%|Drawdown 30D relevante: -17.4%|Fear & Greed extremo: 14 (Extreme Fear)|MVRV current atractivo: 1.18
2026-06-20 00:12:52,BTC,NO_SIGNAL,41,55270.0,⚪ SIN SEÑAL,BTC bajo SMA200: -16.1%|Drawdown 30D relevante: -17.2%|Fear & Greed extremo: 23 (Extreme Fear)|MVRV current atractivo: 1.18
2026-06-20 01:24:07,BTC,NO_SIGNAL,41,55251.0,⚪ SIN SEÑAL,BTC bajo SMA200: -16.1%|Drawdown 30D relevante: -17.2%|Fear & Greed extremo: 23 (Extreme Fear)|MVRV current atractivo: 1.18
2026-06-20 02:44:37,BTC,NO_SIGNAL,41,55173.0,⚪ SIN SEÑAL,BTC bajo SMA200: -16.3%|Drawdown 30D relevante: -17.3%|Fear & Greed extremo: 23 (Extreme Fear)|MVRV current atractivo: 1.18
2026-06-20 04:15:54,BTC,NO_SIGNAL,41,55208.0,⚪ SIN SEÑAL,BTC bajo SMA200: -16.2%|Drawdown 30D relevante: -17.3%|Fear & Greed extremo: 23 (Extreme Fear)|MVRV current atractivo: 1.19
2026-06-20 05:50:05,BTC,NO_SIGNAL,41,55387.0,⚪ SIN SEÑAL,BTC bajo SMA200: -15.9%|Drawdown 30D relevante: -17.0%|Fear & Greed extremo: 23 (Extreme Fear)|MVRV current atractivo: 1.19
2026-06-20 07:38:18,BTC,NO_SIGNAL,41,55512.0,⚪ SIN SEÑAL,BTC bajo SMA200: -15.7%|Drawdown 30D relevante: -16.8%|Fear & Greed extremo: 23 (Extreme Fear)|MVRV current atractivo: 1.19
2026-06-20 08:44:40,BTC,NO_SIGNAL,41,55261.0,⚪ SIN SEÑAL,BTC bajo SMA200: -16.1%|Drawdown 30D relevante: -17.2%|Fear & Greed extremo: 23 (Extreme Fear)|MVRV current atractivo: 1.19
2026-06-20 09:53:47,BTC,NO_SIGNAL,41,55448.0,⚪ SIN SEÑAL,BTC bajo SMA200: -15.8%|Drawdown 30D relevante: -16.9%|Fear & Greed extremo: 23 (Extreme Fear)|MVRV current atractivo: 1.19
2026-06-20 11:04:04,BTC,NO_SIGNAL,41,55463.0,⚪ SIN SEÑAL,BTC bajo SMA200: -15.8%|Drawdown 30D relevante: -16.9%|Fear & Greed extremo: 23 (Extreme Fear)|MVRV current atractivo: 1.19
2026-06-20 11:57:56,BTC,NO_SIGNAL,41,55467.0,⚪ SIN SEÑAL,BTC bajo SMA200: -15.8%|Drawdown 30D relevante: -16.9%|Fear & Greed extremo: 23 (Extreme Fear)|MVRV current atractivo: 1.19
2026-06-20 12:56:05,BTC,NO_SIGNAL,41,55372.0,⚪ SIN SEÑAL,BTC bajo SMA200: -16.0%|Drawdown 30D relevante: -17.0%|Fear & Greed extremo: 23 (Extreme Fear)|MVRV current atractivo: 1.19
2026-06-20 13:58:51,BTC,NO_SIGNAL,41,55210.0,⚪ SIN SEÑAL,BTC bajo SMA200: -16.2%|Drawdown 30D relevante: -17.3%|Fear & Greed extremo: 23 (Extreme Fear)|MVRV current atractivo: 1.19
2026-06-20 15:00:08,BTC,NO_SIGNAL,41,55693.0,⚪ SIN SEÑAL,BTC bajo SMA200: -15.5%|Drawdown 30D relevante: -16.6%|Fear & Greed extremo: 23 (Extreme Fear)|MVRV current atractivo: 1.19
2026-06-20 15:53:37,BTC,NO_SIGNAL,41,55851.0,⚪ SIN SEÑAL,BTC bajo SMA200: -15.2%|Drawdown 30D relevante: -16.3%|Fear & Greed extremo: 23 (Extreme Fear)|MVRV current atractivo: 1.19
2026-06-20 16:50:58,BTC,NO_SIGNAL,41,55724.0,⚪ SIN SEÑAL,BTC bajo SMA200: -15.4%|Drawdown 30D relevante: -16.5%|Fear & Greed extremo: 23 (Extreme Fear)|MVRV current atractivo: 1.19
2026-06-20 17:49:43,BTC,NO_SIGNAL,41,55597.0,⚪ SIN SEÑAL,BTC bajo SMA200: -15.6%|Drawdown 30D relevante: -16.7%|Fear & Greed extremo: 23 (Extreme Fear)|MVRV current atractivo: 1.19
2026-06-20 18:49:02,BTC,NO_SIGNAL,41,55574.0,⚪ SIN SEÑAL,BTC bajo SMA200: -15.6%|Drawdown 30D relevante: -16.7%|Fear & Greed extremo: 23 (Extreme Fear)|MVRV current atractivo: 1.19
2026-06-20 19:53:33,BTC,NO_SIGNAL,41,55665.0,⚪ SIN SEÑAL,BTC bajo SMA200: -15.5%|Drawdown 30D relevante: -16.6%|Fear & Greed extremo: 23 (Extreme Fear)|MVRV current atractivo: 1.19
2026-06-20 20:46:04,BTC,NO_SIGNAL,41,55620.0,⚪ SIN SEÑAL,BTC bajo SMA200: -15.6%|Drawdown 30D relevante: -16.7%|Fear & Greed extremo: 23 (Extreme Fear)|MVRV current atractivo: 1.19
2026-06-20 21:18:58,BTC,NO_SIGNAL,41,55695.0,⚪ SIN SEÑAL,BTC bajo SMA200: -15.5%|Drawdown 30D relevante: -16.6%|Fear & Greed extremo: 23 (Extreme Fear)|MVRV current atractivo: 1.19
2026-06-20 22:12:46,BTC,NO_SIGNAL,41,55746.0,⚪ SIN SEÑAL,BTC bajo SMA200: -15.4%|Drawdown 30D relevante: -16.5%|Fear & Greed extremo: 23 (Extreme Fear)|MVRV current atractivo: 1.19
2026-06-20 22:43:40,BTC,NO_SIGNAL,41,55942.0,⚪ SIN SEÑAL,BTC bajo SMA200: -15.1%|Drawdown 30D relevante: -16.2%|Fear & Greed extremo: 23 (Extreme Fear)|MVRV current atractivo: 1.19
2026-06-20 23:14:28,BTC,NO_SIGNAL,41,55963.0,⚪ SIN SEÑAL,BTC bajo SMA200: -15.1%|Drawdown 30D relevante: -16.2%|Fear & Greed extremo: 23 (Extreme Fear)|MVRV current atractivo: 1.19
2026-06-20 23:46:05,BTC,NO_SIGNAL,41,55991.0,⚪ SIN SEÑAL,BTC bajo SMA200: -15.0%|Drawdown 30D relevante: -16.1%|Fear & Greed extremo: 23 (Extreme Fear)|MVRV current atractivo: 1.19
2026-06-21 00:17:25,BTC,NO_SIGNAL,49,55943.0,⚪ SIN SEÑAL,BTC bajo SMA200: -14.9%|Drawdown 30D relevante: -15.8%|Fear & Greed extremo: 23 (Extreme Fear)|Funding negativo 3/5|MVRV current atractivo: 1.19
2026-06-21 01:39:42,BTC,NO_SIGNAL,49,55961.0,⚪ SIN SEÑAL,BTC bajo SMA200: -14.9%|Drawdown 30D relevante: -15.7%|Fear & Greed extremo: 23 (Extreme Fear)|Funding negativo 3/5|MVRV current atractivo: 1.19
2026-06-21 02:45:15,BTC,NO_SIGNAL,49,55938.0,⚪ SIN SEÑAL,BTC bajo SMA200: -14.9%|Drawdown 30D relevante: -15.8%|Fear & Greed extremo: 23 (Extreme Fear)|Funding negativo 3/5|MVRV current atractivo: 1.19
2026-06-21 04:17:43,BTC,NO_SIGNAL,49,56081.0,⚪ SIN SEÑAL,BTC bajo SMA200: -14.7%|Drawdown 30D relevante: -15.5%|Fear & Greed extremo: 23 (Extreme Fear)|Funding negativo 3/5|MVRV current atractivo: 1.19
2026-06-21 06:27:57,BTC,NO_SIGNAL,49,55946.0,⚪ SIN SEÑAL,BTC bajo SMA200: -14.9%|Drawdown 30D relevante: -15.7%|Fear & Greed extremo: 23 (Extreme Fear)|Funding negativo 3/5|MVRV current atractivo: 1.20
2026-06-21 08:18:21,BTC,NO_SIGNAL,49,55823.0,⚪ SIN SEÑAL,BTC bajo SMA200: -15.1%|Drawdown 30D relevante: -15.9%|Fear & Greed extremo: 23 (Extreme Fear)|Funding negativo 3/5|MVRV current atractivo: 1.20
2026-06-21 10:05:47,BTC,NO_SIGNAL,49,55912.0,⚪ SIN SEÑAL,BTC bajo SMA200: -15.0%|Drawdown 30D relevante: -15.8%|Fear & Greed extremo: 23 (Extreme Fear)|Funding negativo 3/5|MVRV current atractivo: 1.20
2026-06-21 11:23:40,BTC,NO_SIGNAL,49,55972.0,⚪ SIN SEÑAL,BTC bajo SMA200: -14.9%|Drawdown 30D relevante: -15.7%|Fear & Greed extremo: 23 (Extreme Fear)|Funding negativo 3/5|MVRV current atractivo: 1.20
2026-06-21 12:26:51,BTC,NO_SIGNAL,49,55744.0,⚪ SIN SEÑAL,BTC bajo SMA200: -15.2%|Drawdown 30D relevante: -16.1%|Fear & Greed extremo: 23 (Extreme Fear)|Funding negativo 3/5|MVRV current atractivo: 1.20
2026-06-21 13:24:39,BTC,NO_SIGNAL,49,55860.0,⚪ SIN SEÑAL,BTC bajo SMA200: -15.1%|Drawdown 30D relevante: -15.9%|Fear & Greed extremo: 23 (Extreme Fear)|Funding negativo 3/5|MVRV current atractivo: 1.20
2026-06-21 14:34:27,BTC,NO_SIGNAL,49,55745.0,⚪ SIN SEÑAL,BTC bajo SMA200: -15.2%|Drawdown 30D relevante: -16.1%|Fear & Greed extremo: 23 (Extreme Fear)|Funding negativo 3/5|MVRV current atractivo: 1.20
2026-06-21 15:27:44,BTC,NO_SIGNAL,49,55900.0,⚪ SIN SEÑAL,BTC bajo SMA200: -15.0%|Drawdown 30D relevante: -15.8%|Fear & Greed extremo: 23 (Extreme Fear)|Funding negativo 3/5|MVRV current atractivo: 1.20
2026-06-21 16:21:07,BTC,NO_SIGNAL,49,55884.0,⚪ SIN SEÑAL,BTC bajo SMA200: -15.0%|Drawdown 30D relevante: -15.8%|Fear & Greed extremo: 23 (Extreme Fear)|Funding negativo 4/5|MVRV current atractivo: 1.20
2026-06-21 17:15:30,BTC,NO_SIGNAL,49,55910.0,⚪ SIN SEÑAL,BTC bajo SMA200: -15.0%|Drawdown 30D relevante: -15.8%|Fear & Greed extremo: 23 (Extreme Fear)|Funding negativo 4/5|MVRV current atractivo: 1.20
2026-06-21 17:54:23,BTC,NO_SIGNAL,49,55873.0,⚪ SIN SEÑAL,BTC bajo SMA200: -15.0%|Drawdown 30D relevante: -15.9%|Fear & Greed extremo: 23 (Extreme Fear)|Funding negativo 4/5|MVRV current atractivo: 1.20
2026-06-21 18:51:20,BTC,NO_SIGNAL,49,55888.0,⚪ SIN SEÑAL,BTC bajo SMA200: -15.0%|Drawdown 30D relevante: -15.8%|Fear & Greed extremo: 23 (Extreme Fear)|Funding negativo 4/5|MVRV current atractivo: 1.20
2026-06-21 19:56:28,BTC,NO_SIGNAL,49,56003.0,⚪ SIN SEÑAL,BTC bajo SMA200: -14.8%|Drawdown 30D relevante: -15.7%|Fear & Greed extremo: 23 (Extreme Fear)|Funding negativo 4/5|MVRV current atractivo: 1.20
2026-06-21 20:48:31,BTC,NO_SIGNAL,49,55703.0,⚪ SIN SEÑAL,BTC bajo SMA200: -15.3%|Drawdown 30D relevante: -16.1%|Fear & Greed extremo: 23 (Extreme Fear)|Funding negativo 4/5|MVRV current atractivo: 1.20
2026-06-21 21:47:05,BTC,NO_SIGNAL,49,55652.0,⚪ SIN SEÑAL,BTC bajo SMA200: -15.4%|Drawdown 30D relevante: -16.2%|Fear & Greed extremo: 23 (Extreme Fear)|Funding negativo 4/5|MVRV current atractivo: 1.20
2026-06-21 22:19:18,BTC,NO_SIGNAL,49,55500.0,⚪ SIN SEÑAL,BTC bajo SMA200: -15.6%|Drawdown 30D relevante: -16.4%|Fear & Greed extremo: 23 (Extreme Fear)|Funding negativo 4/5|MVRV current atractivo: 1.20
2026-06-21 23:13:26,BTC,NO_SIGNAL,49,55515.0,⚪ SIN SEÑAL,BTC bajo SMA200: -15.6%|Drawdown 30D relevante: -16.4%|Fear & Greed extremo: 23 (Extreme Fear)|Funding negativo 4/5|MVRV current atractivo: 1.20
2026-06-21 23:48:41,BTC,NO_SIGNAL,49,55189.0,⚪ SIN SEÑAL,BTC bajo SMA200: -16.1%|Drawdown 30D relevante: -16.9%|Fear & Greed extremo: 23 (Extreme Fear)|Funding negativo 4/5|MVRV current atractivo: 1.20
2026-06-22 01:31:58,BTC,NO_SIGNAL,49,56310.0,⚪ SIN SEÑAL,BTC bajo SMA200: -14.2%|Drawdown 30D relevante: -15.2%|Fear & Greed extremo: 20 (Extreme Fear)|Funding negativo 4/5|MVRV current atractivo: 1.20
2026-06-22 02:45:19,BTC,NO_SIGNAL,49,56216.0,⚪ SIN SEÑAL,BTC bajo SMA200: -14.4%|Drawdown 30D relevante: -15.4%|Fear & Greed extremo: 20 (Extreme Fear)|Funding negativo 4/5|MVRV current atractivo: 1.19
2026-06-22 04:18:03,BTC,NO_SIGNAL,49,55787.0,⚪ SIN SEÑAL,BTC bajo SMA200: -15.0%|Drawdown 30D relevante: -16.0%|Fear & Greed extremo: 20 (Extreme Fear)|Funding negativo 4/5|MVRV current atractivo: 1.19
2026-06-22 06:39:32,BTC,NO_SIGNAL,49,55844.0,⚪ SIN SEÑAL,BTC bajo SMA200: -14.9%|Drawdown 30D relevante: -15.9%|Fear & Greed extremo: 20 (Extreme Fear)|Funding negativo 4/5|MVRV current atractivo: 1.19
2026-06-22 08:46:05,BTC,NO_SIGNAL,49,56034.0,⚪ SIN SEÑAL,BTC bajo SMA200: -14.6%|Drawdown 30D relevante: -15.6%|Fear & Greed extremo: 20 (Extreme Fear)|Funding negativo 4/5|MVRV current atractivo: 1.19
2026-06-22 10:46:21,BTC,NO_SIGNAL,49,55877.0,⚪ SIN SEÑAL,BTC bajo SMA200: -14.9%|Drawdown 30D relevante: -15.8%|Fear & Greed extremo: 20 (Extreme Fear)|Funding negativo 4/5|MVRV current atractivo: 1.19
2026-06-22 12:49:58,BTC,LUMP_SUM_RECLAIM,62,56784.0,🟡 BTC WATCH,"Precio recupera reclaim: 56,500 €|BTC bajo SMA200: -13.5%|Fear & Greed extremo: 20 (Extreme Fear)|Funding negativo 4/5|MVRV current atractivo: 1.19"
2026-06-22 15:09:02,BTC,LUMP_SUM_RECLAIM,62,56686.0,🟡 BTC WATCH,"Precio recupera reclaim: 56,500 €|BTC bajo SMA200: -13.7%|Fear & Greed extremo: 20 (Extreme Fear)|Funding negativo 4/5|MVRV current atractivo: 1.19"
2026-06-22 16:58:38,BTC,LUMP_SUM_RECLAIM,62,56591.0,🟡 BTC WATCH,"Precio recupera reclaim: 56,500 €|BTC bajo SMA200: -13.8%|Fear & Greed extremo: 20 (Extreme Fear)|Funding negativo 3/5|MVRV current atractivo: 1.19"
2026-06-22 18:36:04,BTC,NO_SIGNAL,39,56476.0,⚪ SIN SEÑAL,BTC bajo SMA200: -14.0%|Fear & Greed extremo: 20 (Extreme Fear)|Funding negativo 3/5|MVRV current atractivo: 1.19
2026-06-22 19:56:19,BTC,NO_SIGNAL,49,56360.0,⚪ SIN SEÑAL,BTC bajo SMA200: -14.1%|Drawdown 30D relevante: -15.1%|Fear & Greed extremo: 20 (Extreme Fear)|Funding negativo 3/5|MVRV current atractivo: 1.19
2026-06-22 21:17:23,BTC,NO_SIGNAL,49,56275.0,⚪ SIN SEÑAL,BTC bajo SMA200: -14.3%|Drawdown 30D relevante: -15.3%|Fear & Greed extremo: 20 (Extreme Fear)|Funding negativo 3/5|MVRV current atractivo: 1.19
2026-06-22 22:24:14,BTC,NO_SIGNAL,49,56150.0,⚪ SIN SEÑAL,BTC bajo SMA200: -14.5%|Drawdown 30D relevante: -15.4%|Fear & Greed extremo: 20 (Extreme Fear)|Funding negativo 3/5|MVRV current atractivo: 1.19
2026-06-22 23:14:43,BTC,NO_SIGNAL,49,55933.0,⚪ SIN SEÑAL,BTC bajo SMA200: -14.8%|Drawdown 30D relevante: -15.8%|Fear & Greed extremo: 20 (Extreme Fear)|Funding negativo 3/5|MVRV current atractivo: 1.19
2026-06-22 23:48:32,BTC,NO_SIGNAL,49,55948.0,⚪ SIN SEÑAL,BTC bajo SMA200: -14.8%|Drawdown 30D relevante: -15.7%|Fear & Greed extremo: 20 (Extreme Fear)|Funding negativo 3/5|MVRV current atractivo: 1.19
2026-06-23 01:17:16,BTC,NO_SIGNAL,41,56157.0,⚪ SIN SEÑAL,BTC bajo SMA200: -14.3%|Drawdown 30D relevante: -15.4%|Fear & Greed extremo: 23 (Extreme Fear)|MVRV current atractivo: 1.19
2026-06-23 02:07:49,BTC,NO_SIGNAL,41,56064.0,⚪ SIN SEÑAL,BTC bajo SMA200: -14.4%|Drawdown 30D relevante: -15.6%|Fear & Greed extremo: 23 (Extreme Fear)|MVRV current atractivo: 1.19
2026-06-23 03:28:35,BTC,NO_SIGNAL,41,56029.0,⚪ SIN SEÑAL,BTC bajo SMA200: -14.5%|Drawdown 30D relevante: -15.6%|Fear & Greed extremo: 23 (Extreme Fear)|MVRV current atractivo: 1.20
2026-06-23 05:11:03,BTC,NO_SIGNAL,41,55690.0,⚪ SIN SEÑAL,BTC bajo SMA200: -15.0%|Drawdown 30D relevante: -16.1%|Fear & Greed extremo: 23 (Extreme Fear)|MVRV current atractivo: 1.20
2026-06-23 06:35:07,BTC,NO_SIGNAL,41,54926.0,⚪ SIN SEÑAL,BTC bajo SMA200: -16.2%|Drawdown 30D relevante: -17.2%|Fear & Greed extremo: 23 (Extreme Fear)|MVRV current atractivo: 1.20
2026-06-23 08:01:22,BTC,NO_SIGNAL,41,55062.0,⚪ SIN SEÑAL,BTC bajo SMA200: -16.0%|Drawdown 30D relevante: -17.1%|Fear & Greed extremo: 23 (Extreme Fear)|MVRV current atractivo: 1.20
2026-06-23 09:29:38,BTC,NO_SIGNAL,41,54714.0,⚪ SIN SEÑAL,BTC bajo SMA200: -16.5%|Drawdown 30D relevante: -17.6%|Fear & Greed extremo: 23 (Extreme Fear)|MVRV current atractivo: 1.20
2026-06-23 10:50:06,BTC,NO_SIGNAL,41,54545.0,⚪ SIN SEÑAL,BTC bajo SMA200: -16.7%|Drawdown 30D relevante: -17.8%|Fear & Greed extremo: 23 (Extreme Fear)|MVRV current atractivo: 1.20
2026-06-23 12:17:50,BTC,NO_SIGNAL,41,54762.0,⚪ SIN SEÑAL,BTC bajo SMA200: -16.4%|Drawdown 30D relevante: -17.5%|Fear & Greed extremo: 23 (Extreme Fear)|MVRV current atractivo: 1.20
2026-06-23 13:43:31,BTC,NO_SIGNAL,41,54597.0,⚪ SIN SEÑAL,BTC bajo SMA200: -16.7%|Drawdown 30D relevante: -17.8%|Fear & Greed extremo: 23 (Extreme Fear)|MVRV current atractivo: 1.20
2026-06-23 14:45:38,BTC,NO_SIGNAL,41,54925.0,⚪ SIN SEÑAL,BTC bajo SMA200: -16.2%|Drawdown 30D relevante: -17.3%|Fear & Greed extremo: 23 (Extreme Fear)|MVRV current atractivo: 1.20
2026-06-23 15:51:35,BTC,NO_SIGNAL,41,54642.0,⚪ SIN SEÑAL,BTC bajo SMA200: -16.6%|Drawdown 30D relevante: -17.7%|Fear & Greed extremo: 23 (Extreme Fear)|MVRV current atractivo: 1.20
2026-06-23 17:06:09,BTC,NO_SIGNAL,41,54856.0,⚪ SIN SEÑAL,BTC bajo SMA200: -16.3%|Drawdown 30D relevante: -17.4%|Fear & Greed extremo: 23 (Extreme Fear)|MVRV current atractivo: 1.20
2026-06-23 17:58:13,BTC,NO_SIGNAL,41,54751.0,⚪ SIN SEÑAL,BTC bajo SMA200: -16.4%|Drawdown 30D relevante: -17.6%|Fear & Greed extremo: 23 (Extreme Fear)|MVRV current atractivo: 1.20
2026-06-23 19:00:53,BTC,NO_SIGNAL,41,54640.0,⚪ SIN SEÑAL,BTC bajo SMA200: -16.6%|Drawdown 30D relevante: -17.7%|Fear & Greed extremo: 23 (Extreme Fear)|MVRV current atractivo: 1.20
2026-06-23 19:59:08,BTC,NO_SIGNAL,41,54737.0,⚪ SIN SEÑAL,BTC bajo SMA200: -16.5%|Drawdown 30D relevante: -17.5%|Fear & Greed extremo: 23 (Extreme Fear)|MVRV current atractivo: 1.20
2026-06-23 20:59:10,BTC,NO_SIGNAL,41,54818.0,⚪ SIN SEÑAL,BTC bajo SMA200: -16.3%|Drawdown 30D relevante: -17.4%|Fear & Greed extremo: 23 (Extreme Fear)|MVRV current atractivo: 1.20
2026-06-23 21:51:28,BTC,NO_SIGNAL,41,54957.0,⚪ SIN SEÑAL,BTC bajo SMA200: -16.1%|Drawdown 30D relevante: -17.2%|Fear & Greed extremo: 23 (Extreme Fear)|MVRV current atractivo: 1.20
2026-06-23 22:44:28,BTC,NO_SIGNAL,41,54912.0,⚪ SIN SEÑAL,BTC bajo SMA200: -16.2%|Drawdown 30D relevante: -17.3%|Fear & Greed extremo: 23 (Extreme Fear)|MVRV current atractivo: 1.20
2026-06-23 23:14:48,BTC,NO_SIGNAL,41,54893.0,⚪ SIN SEÑAL,BTC bajo SMA200: -16.2%|Drawdown 30D relevante: -17.3%|Fear & Greed extremo: 23 (Extreme Fear)|MVRV current atractivo: 1.20
2026-06-23 23:40:21,BTC,NO_SIGNAL,41,54979.0,⚪ SIN SEÑAL,BTC bajo SMA200: -16.1%|Drawdown 30D relevante: -17.2%|Fear & Greed extremo: 23 (Extreme Fear)|MVRV current atractivo: 1.20
2026-06-24 00:08:30,BTC,NO_SIGNAL,41,55110.0,⚪ SIN SEÑAL,BTC bajo SMA200: -15.8%|Drawdown 30D relevante: -17.0%|Fear & Greed extremo: 17 (Extreme Fear)|MVRV current atractivo: 1.20
2026-06-24 01:15:38,BTC,NO_SIGNAL,41,55303.0,⚪ SIN SEÑAL,BTC bajo SMA200: -15.5%|Drawdown 30D relevante: -16.7%|Fear & Greed extremo: 17 (Extreme Fear)|MVRV current atractivo: 1.20
2026-06-24 02:05:27,BTC,NO_SIGNAL,41,55245.0,⚪ SIN SEÑAL,BTC bajo SMA200: -15.6%|Drawdown 30D relevante: -16.8%|Fear & Greed extremo: 17 (Extreme Fear)|MVRV current atractivo: 1.20
2026-06-24 03:28:32,BTC,NO_SIGNAL,41,55008.0,⚪ SIN SEÑAL,BTC bajo SMA200: -15.9%|Drawdown 30D relevante: -17.1%|Fear & Greed extremo: 17 (Extreme Fear)|MVRV current atractivo: 1.17
2026-06-24 05:09:34,BTC,NO_SIGNAL,41,55124.0,⚪ SIN SEÑAL,BTC bajo SMA200: -15.7%|Drawdown 30D relevante: -17.0%|Fear & Greed extremo: 17 (Extreme Fear)|MVRV current atractivo: 1.17
2026-06-24 06:32:48,BTC,NO_SIGNAL,41,55229.0,⚪ SIN SEÑAL,BTC bajo SMA200: -15.6%|Drawdown 30D relevante: -16.8%|Fear & Greed extremo: 17 (Extreme Fear)|MVRV current atractivo: 1.17
2026-06-24 07:58:56,BTC,NO_SIGNAL,41,55094.0,⚪ SIN SEÑAL,BTC bajo SMA200: -15.8%|Drawdown 30D relevante: -17.0%|Fear & Greed extremo: 17 (Extreme Fear)|MVRV current atractivo: 1.17
2026-06-24 09:28:34,BTC,NO_SIGNAL,41,55186.0,⚪ SIN SEÑAL,BTC bajo SMA200: -15.6%|Drawdown 30D relevante: -16.9%|Fear & Greed extremo: 17 (Extreme Fear)|MVRV current atractivo: 1.17
2026-06-24 10:44:32,BTC,NO_SIGNAL,41,55139.0,⚪ SIN SEÑAL,BTC bajo SMA200: -15.7%|Drawdown 30D relevante: -17.0%|Fear & Greed extremo: 17 (Extreme Fear)|MVRV current atractivo: 1.17
2026-06-24 11:46:31,BTC,NO_SIGNAL,41,55227.0,⚪ SIN SEÑAL,BTC bajo SMA200: -15.6%|Drawdown 30D relevante: -16.8%|Fear & Greed extremo: 17 (Extreme Fear)|MVRV current atractivo: 1.17
2026-06-24 12:34:14,BTC,NO_SIGNAL,41,55325.0,⚪ SIN SEÑAL,BTC bajo SMA200: -15.4%|Drawdown 30D relevante: -16.7%|Fear & Greed extremo: 17 (Extreme Fear)|MVRV current atractivo: 1.17
2026-06-24 13:32:04,BTC,NO_SIGNAL,41,54445.0,⚪ SIN SEÑAL,BTC bajo SMA200: -16.8%|Drawdown 30D relevante: -18.0%|Fear & Greed extremo: 17 (Extreme Fear)|MVRV current atractivo: 1.17
2026-06-24 14:42:36,BTC,NO_SIGNAL,41,53886.0,⚪ SIN SEÑAL,BTC bajo SMA200: -17.6%|Drawdown 30D relevante: -18.8%|Fear & Greed extremo: 17 (Extreme Fear)|MVRV current atractivo: 1.17
2026-06-24 15:38:14,BTC,SCORE_WATCH,56,53417.0,🟡 BTC WATCH,RSI diario sobrevendido: 34.9|BTC bajo SMA200: -18.3%|Drawdown 30D relevante: -19.6%|Fear & Greed extremo: 17 (Extreme Fear)|MVRV current atractivo: 1.17
2026-06-24 16:34:35,BTC,SCORE_WATCH,56,53174.0,🟡 BTC WATCH,RSI diario sobrevendido: 34.4|BTC bajo SMA200: -18.7%|Drawdown 30D relevante: -19.9%|Fear & Greed extremo: 17 (Extreme Fear)|MVRV current atractivo: 1.17
2026-06-24 17:27:53,BTC,SCORE_WATCH,56,52351.0,🟡 BTC WATCH,RSI diario sobrevendido: 32.6|BTC bajo SMA200: -20.0%|Drawdown 30D relevante: -21.0%|Fear & Greed extremo: 17 (Extreme Fear)|MVRV current atractivo: 1.17
2026-06-24 18:22:33,BTC,SCORE_WATCH,56,52559.0,🟡 BTC WATCH,RSI diario sobrevendido: 32.9|BTC bajo SMA200: -19.6%|Drawdown 30D relevante: -20.8%|Fear & Greed extremo: 17 (Extreme Fear)|MVRV current atractivo: 1.17
2026-06-24 19:19:24,BTC,SCORE_WATCH,56,52464.0,🟡 BTC WATCH,RSI diario sobrevendido: 32.7|BTC bajo SMA200: -19.8%|Drawdown 30D relevante: -21.0%|Fear & Greed extremo: 17 (Extreme Fear)|MVRV current atractivo: 1.17
2026-06-24 20:22:45,BTC,NO_SIGNAL,41,53409.0,⚪ SIN SEÑAL,BTC bajo SMA200: -18.3%|Drawdown 30D relevante: -19.5%|Fear & Greed extremo: 17 (Extreme Fear)|MVRV current atractivo: 1.17
2026-06-24 21:15:41,BTC,SCORE_WATCH,56,53393.0,🟡 BTC WATCH,RSI diario sobrevendido: 34.9|BTC bajo SMA200: -18.4%|Drawdown 30D relevante: -19.6%|Fear & Greed extremo: 17 (Extreme Fear)|MVRV current atractivo: 1.17
2026-06-24 21:51:17,BTC,NO_SIGNAL,41,53691.0,⚪ SIN SEÑAL,BTC bajo SMA200: -17.9%|Drawdown 30D relevante: -19.1%|Fear & Greed extremo: 17 (Extreme Fear)|MVRV current atractivo: 1.17
2026-06-24 22:44:38,BTC,NO_SIGNAL,41,53502.0,⚪ SIN SEÑAL,BTC bajo SMA200: -18.2%|Drawdown 30D relevante: -19.4%|Fear & Greed extremo: 17 (Extreme Fear)|MVRV current atractivo: 1.17
2026-06-24 23:14:59,BTC,NO_SIGNAL,41,53528.0,⚪ SIN SEÑAL,BTC bajo SMA200: -18.2%|Drawdown 30D relevante: -19.4%|Fear & Greed extremo: 17 (Extreme Fear)|MVRV current atractivo: 1.17
2026-06-24 23:45:34,BTC,NO_SIGNAL,41,53632.0,⚪ SIN SEÑAL,BTC bajo SMA200: -18.0%|Drawdown 30D relevante: -19.2%|Fear & Greed extremo: 17 (Extreme Fear)|MVRV current atractivo: 1.17
2026-06-25 00:17:25,BTC,NO_SIGNAL,41,53712.0,⚪ SIN SEÑAL,BTC bajo SMA200: -17.7%|Drawdown 30D relevante: -17.6%|Fear & Greed extremo: 12 (Extreme Fear)|MVRV current atractivo: 1.17
2026-06-25 01:30:28,BTC,SCORE_WATCH,56,53479.0,🟡 BTC WATCH,RSI diario sobrevendido: 34.8|BTC bajo SMA200: -18.1%|Drawdown 30D relevante: -17.9%|Fear & Greed extremo: 12 (Extreme Fear)|MVRV current atractivo: 1.17
2026-06-25 02:44:23,BTC,SCORE_WATCH,56,53437.0,🟡 BTC WATCH,RSI diario sobrevendido: 34.7|BTC bajo SMA200: -18.2%|Drawdown 30D relevante: -18.0%|Fear & Greed extremo: 12 (Extreme Fear)|MVRV current atractivo: 1.14
2026-06-25 04:14:56,BTC,SCORE_WATCH,56,53434.0,🟡 BTC WATCH,RSI diario sobrevendido: 34.7|BTC bajo SMA200: -18.2%|Drawdown 30D relevante: -18.0%|Fear & Greed extremo: 12 (Extreme Fear)|MVRV current atractivo: 1.14
2026-06-25 05:45:53,BTC,NO_SIGNAL,41,54104.0,⚪ SIN SEÑAL,BTC bajo SMA200: -17.2%|Drawdown 30D relevante: -17.0%|Fear & Greed extremo: 12 (Extreme Fear)|MVRV current atractivo: 1.14
2026-06-25 07:01:31,BTC,NO_SIGNAL,41,54296.0,⚪ SIN SEÑAL,BTC bajo SMA200: -16.9%|Drawdown 30D relevante: -16.7%|Fear & Greed extremo: 12 (Extreme Fear)|MVRV current atractivo: 1.14
2026-06-25 08:27:15,BTC,NO_SIGNAL,41,54227.0,⚪ SIN SEÑAL,BTC bajo SMA200: -17.0%|Drawdown 30D relevante: -16.8%|Fear & Greed extremo: 12 (Extreme Fear)|MVRV current atractivo: 1.14
2026-06-25 09:55:58,BTC,NO_SIGNAL,41,54256.0,⚪ SIN SEÑAL,BTC bajo SMA200: -16.9%|Drawdown 30D relevante: -16.7%|Fear & Greed extremo: 12 (Extreme Fear)|MVRV current atractivo: 1.14
2026-06-25 11:14:00,BTC,NO_SIGNAL,41,53825.0,⚪ SIN SEÑAL,BTC bajo SMA200: -17.6%|Drawdown 30D relevante: -17.4%|Fear & Greed extremo: 12 (Extreme Fear)|MVRV current atractivo: 1.14
2026-06-25 12:07:02,BTC,NO_SIGNAL,41,53958.0,⚪ SIN SEÑAL,BTC bajo SMA200: -17.4%|Drawdown 30D relevante: -17.2%|Fear & Greed extremo: 12 (Extreme Fear)|MVRV current atractivo: 1.14
2026-06-25 13:06:18,BTC,NO_SIGNAL,41,53877.0,⚪ SIN SEÑAL,BTC bajo SMA200: -17.5%|Drawdown 30D relevante: -17.3%|Fear & Greed extremo: 12 (Extreme Fear)|MVRV current atractivo: 1.14
2026-06-25 14:00:33,BTC,ORDER_52000,92,51225.0,🟢 BTC STRONG BUY,"BTC en zona de órdenes: <= 52,000 € (Orden 1 - soporte 52k)|RSI diario sobrevendido: 29.6|BTC muy bajo SMA200: -21.5%|Drawdown 30D relevante: -21.3%|Drawdown 90D fuerte: -26.6%"
2026-06-25 15:19:11,BTC,ORDER_52000,92,51741.0,🟢 BTC STRONG BUY,"BTC en zona de órdenes: <= 52,000 € (Orden 1 - soporte 52k)|RSI diario sobrevendido: 30.7|BTC muy bajo SMA200: -20.8%|Drawdown 30D relevante: -20.5%|Drawdown 90D fuerte: -25.8%"
2026-06-25 16:36:14,BTC,SCORE_WATCH,80,52115.0,🟠 BTC PARTIAL BUY,RSI diario sobrevendido: 31.4|BTC muy bajo SMA200: -20.2%|Drawdown 30D relevante: -20.0%|Drawdown 90D fuerte: -25.3%|Fear & Greed extremo: 12 (Extreme Fear)
2026-06-25 17:29:26,BTC,SCORE_WATCH,74,52282.0,🟠 BTC PARTIAL BUY,RSI diario sobrevendido: 31.8|BTC bajo SMA200: -19.9%|Drawdown 30D relevante: -19.8%|Drawdown 90D fuerte: -25.1%|Fear & Greed extremo: 12 (Extreme Fear)
2026-06-25 18:30:05,BTC,SCORE_WATCH,64,52375.0,🟡 BTC WATCH,RSI diario sobrevendido: 32.0|BTC bajo SMA200: -19.8%|Drawdown 30D relevante: -19.6%|Fear & Greed extremo: 12 (Extreme Fear)|Funding negativo 3/5
2026-06-25 19:26:55,BTC,SCORE_WATCH,80,52030.0,🟠 BTC PARTIAL BUY,RSI diario sobrevendido: 31.3|BTC muy bajo SMA200: -20.3%|Drawdown 30D relevante: -20.1%|Drawdown 90D fuerte: -25.4%|Fear & Greed extremo: 12 (Extreme Fear)
2026-06-25 20:29:34,BTC,SCORE_WATCH,64,52383.0,🟡 BTC WATCH,RSI diario sobrevendido: 32.1|BTC bajo SMA200: -19.8%|Drawdown 30D relevante: -19.6%|Fear & Greed extremo: 12 (Extreme Fear)|Funding negativo 3/5
2026-06-25 21:19:01,BTC,SCORE_WATCH,74,52315.0,🟠 BTC PARTIAL BUY,RSI diario sobrevendido: 31.8|BTC bajo SMA200: -19.9%|Drawdown 30D relevante: -19.7%|Drawdown 90D fuerte: -25.1%|Fear & Greed extremo: 12 (Extreme Fear)
2026-06-25 22:15:04,BTC,SCORE_WATCH,64,52595.0,🟡 BTC WATCH,RSI diario sobrevendido: 32.5|BTC bajo SMA200: -19.5%|Drawdown 30D relevante: -19.3%|Fear & Greed extremo: 12 (Extreme Fear)|Funding negativo 3/5
2026-06-25 22:51:40,BTC,SCORE_WATCH,64,52506.0,🟡 BTC WATCH,RSI diario sobrevendido: 32.3|BTC bajo SMA200: -19.6%|Drawdown 30D relevante: -19.4%|Fear & Greed extremo: 12 (Extreme Fear)|Funding negativo 3/5
2026-06-25 23:48:02,BTC,SCORE_WATCH,64,52677.0,🟡 BTC WATCH,RSI diario sobrevendido: 32.7|BTC bajo SMA200: -19.3%|Drawdown 30D relevante: -19.1%|Fear & Greed extremo: 12 (Extreme Fear)|Funding negativo 3/5
2026-06-26 01:22:54,BTC,SCORE_WATCH,74,52361.0,🟠 BTC PARTIAL BUY,RSI diario sobrevendido: 31.7|BTC bajo SMA200: -19.7%|Drawdown 30D relevante: -18.2%|Drawdown 90D fuerte: -25.0%|Fear & Greed extremo: 13 (Extreme Fear)
2026-06-26 02:44:30,BTC,ORDER_52000,100,51771.0,🟢 BTC STRONG BUY,"BTC en zona de órdenes: <= 52,000 € (Orden 1 - soporte 52k)|RSI diario sobrevendido: 30.3|BTC muy bajo SMA200: -20.6%|Drawdown 30D relevante: -19.1%|Drawdown 90D fuerte: -25.8%"
2026-06-26 04:15:33,BTC,SCORE_WATCH,64,52628.0,🟡 BTC WATCH,RSI diario sobrevendido: 32.4|BTC bajo SMA200: -19.3%|Drawdown 30D relevante: -17.8%|Fear & Greed extremo: 13 (Extreme Fear)|Funding negativo 3/5
2026-06-26 05:47:57,BTC,SCORE_WATCH,64,52497.0,🟡 BTC WATCH,RSI diario sobrevendido: 32.1|BTC bajo SMA200: -19.5%|Drawdown 30D relevante: -18.0%|Fear & Greed extremo: 13 (Extreme Fear)|Funding negativo 3/5
2026-06-26 07:37:22,BTC,SCORE_WATCH,64,53160.0,🟡 BTC WATCH,RSI diario sobrevendido: 33.9|BTC bajo SMA200: -18.4%|Drawdown 30D relevante: -16.9%|Fear & Greed extremo: 13 (Extreme Fear)|Funding negativo 3/5
2026-06-26 08:45:48,BTC,SCORE_WATCH,64,52754.0,🟡 BTC WATCH,RSI diario sobrevendido: 32.8|BTC bajo SMA200: -19.1%|Drawdown 30D relevante: -17.6%|Fear & Greed extremo: 13 (Extreme Fear)|Funding negativo 3/5
2026-06-26 09:59:56,BTC,SCORE_WATCH,74,52278.0,🟠 BTC PARTIAL BUY,RSI diario sobrevendido: 31.5|BTC bajo SMA200: -19.8%|Drawdown 30D relevante: -18.3%|Drawdown 90D fuerte: -25.1%|Fear & Greed extremo: 13 (Extreme Fear)
2026-06-26 11:17:51,BTC,SCORE_WATCH,80,52057.0,🟠 BTC PARTIAL BUY,RSI diario sobrevendido: 31.0|BTC muy bajo SMA200: -20.1%|Drawdown 30D relevante: -18.7%|Drawdown 90D fuerte: -25.4%|Fear & Greed extremo: 13 (Extreme Fear)
2026-06-26 12:29:46,BTC,SCORE_WATCH,74,52258.0,🟠 BTC PARTIAL BUY,RSI diario sobrevendido: 31.5|BTC bajo SMA200: -19.8%|Drawdown 30D relevante: -18.3%|Drawdown 90D fuerte: -25.1%|Fear & Greed extremo: 13 (Extreme Fear)
2026-06-26 13:28:40,BTC,ORDER_52000,100,51510.0,🟢 BTC STRONG BUY,"BTC en zona de órdenes: <= 52,000 € (Orden 1 - soporte 52k)|RSI diario sobrevendido: 29.7|BTC muy bajo SMA200: -21.0%|Drawdown 30D relevante: -19.5%|Drawdown 90D fuerte: -26.2%"
2026-06-26 14:41:24,BTC,SCORE_WATCH,74,52162.0,🟠 BTC PARTIAL BUY,RSI diario sobrevendido: 31.2|BTC bajo SMA200: -20.0%|Drawdown 30D relevante: -18.5%|Drawdown 90D fuerte: -25.3%|Fear & Greed extremo: 13 (Extreme Fear)
2026-06-26 15:32:32,BTC,SCORE_WATCH,64,52725.0,🟡 BTC WATCH,RSI diario sobrevendido: 32.7|BTC bajo SMA200: -19.1%|Drawdown 30D relevante: -17.6%|Fear & Greed extremo: 13 (Extreme Fear)|Funding negativo 3/5
2026-06-26 16:30:47,BTC,SCORE_WATCH,56,52669.0,🟡 BTC WATCH,RSI diario sobrevendido: 32.5|BTC bajo SMA200: -19.2%|Drawdown 30D relevante: -17.7%|Fear & Greed extremo: 13 (Extreme Fear)|MVRV current atractivo: 1.12
2026-06-26 17:22:14,BTC,SCORE_WATCH,56,52692.0,🟡 BTC WATCH,RSI diario sobrevendido: 32.6|BTC bajo SMA200: -19.2%|Drawdown 30D relevante: -17.7%|Fear & Greed extremo: 13 (Extreme Fear)|MVRV current atractivo: 1.12
2026-06-26 18:18:12,BTC,SCORE_WATCH,56,52668.0,🟡 BTC WATCH,RSI diario sobrevendido: 32.5|BTC bajo SMA200: -19.2%|Drawdown 30D relevante: -17.7%|Fear & Greed extremo: 13 (Extreme Fear)|MVRV current atractivo: 1.12
2026-06-26 19:22:14,BTC,SCORE_WATCH,56,52598.0,🟡 BTC WATCH,RSI diario sobrevendido: 32.3|BTC bajo SMA200: -19.3%|Drawdown 30D relevante: -17.8%|Fear & Greed extremo: 13 (Extreme Fear)|MVRV current atractivo: 1.12
2026-06-26 20:22:20,BTC,SCORE_WATCH,56,52409.0,🟡 BTC WATCH,RSI diario sobrevendido: 31.8|BTC bajo SMA200: -19.6%|Drawdown 30D relevante: -18.1%|Fear & Greed extremo: 13 (Extreme Fear)|MVRV current atractivo: 1.12
2026-06-26 21:14:28,BTC,SCORE_WATCH,56,52351.0,🟡 BTC WATCH,RSI diario sobrevendido: 31.7|BTC bajo SMA200: -19.7%|Drawdown 30D relevante: -18.2%|Fear & Greed extremo: 13 (Extreme Fear)|MVRV current atractivo: 1.12
2026-06-26 21:47:12,BTC,SCORE_WATCH,56,52616.0,🟡 BTC WATCH,RSI diario sobrevendido: 32.4|BTC bajo SMA200: -19.3%|Drawdown 30D relevante: -17.8%|Fear & Greed extremo: 13 (Extreme Fear)|MVRV current atractivo: 1.12
2026-06-26 22:19:15,BTC,SCORE_WATCH,56,52549.0,🟡 BTC WATCH,RSI diario sobrevendido: 32.2|BTC bajo SMA200: -19.4%|Drawdown 30D relevante: -17.9%|Fear & Greed extremo: 13 (Extreme Fear)|MVRV current atractivo: 1.12
2026-06-26 23:12:22,BTC,SCORE_WATCH,56,52660.0,🟡 BTC WATCH,RSI diario sobrevendido: 32.5|BTC bajo SMA200: -19.2%|Drawdown 30D relevante: -17.7%|Fear & Greed extremo: 13 (Extreme Fear)|MVRV current atractivo: 1.12
2026-06-26 23:43:01,BTC,SCORE_WATCH,56,52627.0,🟡 BTC WATCH,RSI diario sobrevendido: 32.4|BTC bajo SMA200: -19.3%|Drawdown 30D relevante: -17.8%|Fear & Greed extremo: 13 (Extreme Fear)|MVRV current atractivo: 1.12
2026-06-27 00:13:20,BTC,SCORE_WATCH,56,52731.0,🟡 BTC WATCH,RSI diario sobrevendido: 33.2|BTC bajo SMA200: -18.9%|Drawdown 30D relevante: -16.6%|Fear & Greed extremo: 15 (Extreme Fear)|MVRV current atractivo: 1.12
2026-06-27 01:18:30,BTC,SCORE_WATCH,56,52567.0,🟡 BTC WATCH,RSI diario sobrevendido: 32.4|BTC bajo SMA200: -19.2%|Drawdown 30D relevante: -16.9%|Fear & Greed extremo: 15 (Extreme Fear)|MVRV current atractivo: 1.12
2026-06-27 02:44:00,BTC,SCORE_WATCH,56,52857.0,🟡 BTC WATCH,RSI diario sobrevendido: 33.9|BTC bajo SMA200: -18.7%|Drawdown 30D relevante: -16.4%|Fear & Greed extremo: 15 (Extreme Fear)|MVRV current atractivo: 1.13
2026-06-27 04:12:32,BTC,SCORE_WATCH,56,52938.0,🟡 BTC WATCH,RSI diario sobrevendido: 34.4|BTC bajo SMA200: -18.6%|Drawdown 30D relevante: -16.3%|Fear & Greed extremo: 15 (Extreme Fear)|MVRV current atractivo: 1.13
2026-06-27 05:37:51,BTC,SCORE_WATCH,56,52779.0,🟡 BTC WATCH,RSI diario sobrevendido: 33.5|BTC bajo SMA200: -18.9%|Drawdown 30D relevante: -16.5%|Fear & Greed extremo: 15 (Extreme Fear)|MVRV current atractivo: 1.13
2026-06-27 06:45:28,BTC,SCORE_WATCH,56,52948.0,🟡 BTC WATCH,RSI diario sobrevendido: 34.5|BTC bajo SMA200: -18.6%|Drawdown 30D relevante: -16.2%|Fear & Greed extremo: 15 (Extreme Fear)|MVRV current atractivo: 1.13
2026-06-27 07:48:13,BTC,SCORE_WATCH,56,53031.0,🟡 BTC WATCH,RSI diario sobrevendido: 34.9|BTC bajo SMA200: -18.5%|Drawdown 30D relevante: -16.1%|Fear & Greed extremo: 15 (Extreme Fear)|MVRV current atractivo: 1.13
2026-06-27 09:12:35,BTC,SCORE_WATCH,56,52964.0,🟡 BTC WATCH,RSI diario sobrevendido: 34.5|BTC bajo SMA200: -18.6%|Drawdown 30D relevante: -16.2%|Fear & Greed extremo: 15 (Extreme Fear)|MVRV current atractivo: 1.13
2026-06-27 09:59:33,BTC,SCORE_WATCH,56,52969.0,🟡 BTC WATCH,RSI diario sobrevendido: 34.6|BTC bajo SMA200: -18.6%|Drawdown 30D relevante: -16.2%|Fear & Greed extremo: 15 (Extreme Fear)|MVRV current atractivo: 1.13
2026-06-27 10:57:58,BTC,SCORE_WATCH,56,52946.0,🟡 BTC WATCH,RSI diario sobrevendido: 34.5|BTC bajo SMA200: -18.6%|Drawdown 30D relevante: -16.3%|Fear & Greed extremo: 15 (Extreme Fear)|MVRV current atractivo: 1.13
2026-06-27 11:48:02,BTC,SCORE_WATCH,56,52913.0,🟡 BTC WATCH,RSI diario sobrevendido: 34.2|BTC bajo SMA200: -18.7%|Drawdown 30D relevante: -16.3%|Fear & Greed extremo: 15 (Extreme Fear)|MVRV current atractivo: 1.13
2026-06-27 12:47:07,BTC,SCORE_WATCH,56,52881.0,🟡 BTC WATCH,RSI diario sobrevendido: 34.1|BTC bajo SMA200: -18.7%|Drawdown 30D relevante: -16.4%|Fear & Greed extremo: 15 (Extreme Fear)|MVRV current atractivo: 1.13
2026-06-27 13:21:22,BTC,SCORE_WATCH,56,52979.0,🟡 BTC WATCH,RSI diario sobrevendido: 34.7|BTC bajo SMA200: -18.6%|Drawdown 30D relevante: -16.2%|Fear & Greed extremo: 15 (Extreme Fear)|MVRV current atractivo: 1.13
2026-06-27 14:18:28,BTC,NO_SIGNAL,41,53158.0,⚪ SIN SEÑAL,BTC bajo SMA200: -18.3%|Drawdown 30D relevante: -15.9%|Fear & Greed extremo: 15 (Extreme Fear)|MVRV current atractivo: 1.13
2026-06-27 15:13:45,BTC,NO_SIGNAL,41,53325.0,⚪ SIN SEÑAL,BTC bajo SMA200: -18.0%|Drawdown 30D relevante: -15.6%|Fear & Greed extremo: 15 (Extreme Fear)|MVRV current atractivo: 1.13
2026-06-27 15:46:50,BTC,NO_SIGNAL,41,53290.0,⚪ SIN SEÑAL,BTC bajo SMA200: -18.1%|Drawdown 30D relevante: -15.8%|Fear & Greed extremo: 15 (Extreme Fear)|MVRV current atractivo: 1.13
2026-06-27 16:16:39,BTC,NO_SIGNAL,41,53266.0,⚪ SIN SEÑAL,BTC bajo SMA200: -18.1%|Drawdown 30D relevante: -15.8%|Fear & Greed extremo: 15 (Extreme Fear)|MVRV current atractivo: 1.13
2026-06-27 16:44:15,BTC,NO_SIGNAL,41,53277.0,⚪ SIN SEÑAL,BTC bajo SMA200: -18.1%|Drawdown 30D relevante: -15.7%|Fear & Greed extremo: 15 (Extreme Fear)|MVRV current atractivo: 1.13
2026-06-27 17:15:21,BTC,NO_SIGNAL,41,53093.0,⚪ SIN SEÑAL,BTC bajo SMA200: -18.4%|Drawdown 30D relevante: -16.0%|Fear & Greed extremo: 15 (Extreme Fear)|MVRV current atractivo: 1.13
2026-06-27 17:43:04,BTC,NO_SIGNAL,41,53130.0,⚪ SIN SEÑAL,BTC bajo SMA200: -18.3%|Drawdown 30D relevante: -16.0%|Fear & Greed extremo: 15 (Extreme Fear)|MVRV current atractivo: 1.13
2026-06-27 18:12:18,BTC,NO_SIGNAL,41,53075.0,⚪ SIN SEÑAL,BTC bajo SMA200: -18.4%|Drawdown 30D relevante: -16.1%|Fear & Greed extremo: 15 (Extreme Fear)|MVRV current atractivo: 1.13
2026-06-27 18:43:59,BTC,NO_SIGNAL,41,53080.0,⚪ SIN SEÑAL,BTC bajo SMA200: -18.4%|Drawdown 30D relevante: -16.1%|Fear & Greed extremo: 15 (Extreme Fear)|MVRV current atractivo: 1.13
2026-06-27 19:16:12,BTC,NO_SIGNAL,41,53122.0,⚪ SIN SEÑAL,BTC bajo SMA200: -18.3%|Drawdown 30D relevante: -16.0%|Fear & Greed extremo: 15 (Extreme Fear)|MVRV current atractivo: 1.13
2026-06-27 19:50:40,BTC,SCORE_WATCH,56,52751.0,🟡 BTC WATCH,RSI diario sobrevendido: 33.5|BTC bajo SMA200: -18.9%|Drawdown 30D relevante: -16.5%|Fear & Greed extremo: 15 (Extreme Fear)|MVRV current atractivo: 1.13
2026-06-27 20:40:20,BTC,SCORE_WATCH,56,52832.0,🟡 BTC WATCH,RSI diario sobrevendido: 33.8|BTC bajo SMA200: -18.8%|Drawdown 30D relevante: -16.4%|Fear & Greed extremo: 15 (Extreme Fear)|MVRV current atractivo: 1.13
2026-06-27 21:11:57,BTC,SCORE_WATCH,56,52907.0,🟡 BTC WATCH,RSI diario sobrevendido: 34.3|BTC bajo SMA200: -18.7%|Drawdown 30D relevante: -16.3%|Fear & Greed extremo: 15 (Extreme Fear)|MVRV current atractivo: 1.13
2026-06-27 21:40:46,BTC,SCORE_WATCH,56,52918.0,🟡 BTC WATCH,RSI diario sobrevendido: 34.2|BTC bajo SMA200: -18.7%|Drawdown 30D relevante: -16.3%|Fear & Greed extremo: 15 (Extreme Fear)|MVRV current atractivo: 1.13
2026-06-27 22:11:16,BTC,SCORE_WATCH,56,52711.0,🟡 BTC WATCH,RSI diario sobrevendido: 33.2|BTC bajo SMA200: -19.0%|Drawdown 30D relevante: -16.6%|Fear & Greed extremo: 15 (Extreme Fear)|MVRV current atractivo: 1.13
2026-06-27 22:39:56,BTC,SCORE_WATCH,56,52792.0,🟡 BTC WATCH,RSI diario sobrevendido: 33.7|BTC bajo SMA200: -18.8%|Drawdown 30D relevante: -16.5%|Fear & Greed extremo: 15 (Extreme Fear)|MVRV current atractivo: 1.13
2026-06-27 23:11:40,BTC,SCORE_WATCH,56,52820.0,🟡 BTC WATCH,RSI diario sobrevendido: 33.8|BTC bajo SMA200: -18.8%|Drawdown 30D relevante: -16.5%|Fear & Greed extremo: 15 (Extreme Fear)|MVRV current atractivo: 1.13
2026-06-27 23:38:23,BTC,SCORE_WATCH,56,52617.0,🟡 BTC WATCH,RSI diario sobrevendido: 32.6|BTC bajo SMA200: -19.1%|Drawdown 30D relevante: -16.8%|Fear & Greed extremo: 15 (Extreme Fear)|MVRV current atractivo: 1.13
2026-06-28 00:11:31,BTC,SCORE_WATCH,56,52712.0,🟡 BTC WATCH,RSI diario sobrevendido: 33.2|BTC bajo SMA200: -18.8%|Drawdown 30D relevante: -16.6%|Fear & Greed extremo: 18 (Extreme Fear)|MVRV current atractivo: 1.13
2026-06-28 01:24:43,BTC,SCORE_WATCH,56,52742.0,🟡 BTC WATCH,RSI diario sobrevendido: 33.4|BTC bajo SMA200: -18.8%|Drawdown 30D relevante: -16.6%|Fear & Greed extremo: 18 (Extreme Fear)|MVRV current atractivo: 1.13
2026-06-28 02:44:40,BTC,SCORE_WATCH,56,52731.0,🟡 BTC WATCH,RSI diario sobrevendido: 33.3|BTC bajo SMA200: -18.8%|Drawdown 30D relevante: -16.6%|Fear & Greed extremo: 18 (Extreme Fear)|MVRV current atractivo: 1.13
2026-06-28 04:15:53,BTC,SCORE_WATCH,56,52779.0,🟡 BTC WATCH,RSI diario sobrevendido: 33.6|BTC bajo SMA200: -18.7%|Drawdown 30D relevante: -16.5%|Fear & Greed extremo: 18 (Extreme Fear)|MVRV current atractivo: 1.13
2026-06-28 05:50:05,BTC,SCORE_WATCH,56,52542.0,🟡 BTC WATCH,RSI diario sobrevendido: 32.5|BTC bajo SMA200: -19.1%|Drawdown 30D relevante: -16.9%|Fear & Greed extremo: 18 (Extreme Fear)|MVRV current atractivo: 1.13
2026-06-28 07:39:30,BTC,SCORE_WATCH,56,52727.0,🟡 BTC WATCH,RSI diario sobrevendido: 33.6|BTC bajo SMA200: -18.8%|Drawdown 30D relevante: -16.5%|Fear & Greed extremo: 18 (Extreme Fear)|MVRV current atractivo: 1.13
2026-06-28 08:44:31,BTC,SCORE_WATCH,56,52988.0,🟡 BTC WATCH,RSI diario sobrevendido: 34.8|BTC bajo SMA200: -18.4%|Drawdown 30D relevante: -16.2%|Fear & Greed extremo: 18 (Extreme Fear)|MVRV current atractivo: 1.13
2026-06-28 09:49:14,BTC,SCORE_WATCH,56,52913.0,🟡 BTC WATCH,RSI diario sobrevendido: 34.4|BTC bajo SMA200: -18.5%|Drawdown 30D relevante: -16.3%|Fear & Greed extremo: 18 (Extreme Fear)|MVRV current atractivo: 1.13
2026-06-28 10:59:52,BTC,SCORE_WATCH,56,52754.0,🟡 BTC WATCH,RSI diario sobrevendido: 33.4|BTC bajo SMA200: -18.7%|Drawdown 30D relevante: -16.6%|Fear & Greed extremo: 18 (Extreme Fear)|MVRV current atractivo: 1.13
2026-06-28 11:55:23,BTC,SCORE_WATCH,56,52886.0,🟡 BTC WATCH,RSI diario sobrevendido: 34.2|BTC bajo SMA200: -18.5%|Drawdown 30D relevante: -16.4%|Fear & Greed extremo: 18 (Extreme Fear)|MVRV current atractivo: 1.13
2026-06-28 12:47:31,BTC,SCORE_WATCH,56,52828.0,🟡 BTC WATCH,RSI diario sobrevendido: 33.9|BTC bajo SMA200: -18.6%|Drawdown 30D relevante: -16.5%|Fear & Greed extremo: 18 (Extreme Fear)|MVRV current atractivo: 1.13
2026-06-28 13:57:23,BTC,SCORE_WATCH,56,52684.0,🟡 BTC WATCH,RSI diario sobrevendido: 32.9|BTC bajo SMA200: -18.8%|Drawdown 30D relevante: -16.7%|Fear & Greed extremo: 18 (Extreme Fear)|MVRV current atractivo: 1.13
2026-06-28 14:54:34,BTC,SCORE_WATCH,56,52672.0,🟡 BTC WATCH,RSI diario sobrevendido: 32.9|BTC bajo SMA200: -18.9%|Drawdown 30D relevante: -16.7%|Fear & Greed extremo: 18 (Extreme Fear)|MVRV current atractivo: 1.13
2026-06-28 15:45:32,BTC,SCORE_WATCH,56,52569.0,🟡 BTC WATCH,RSI diario sobrevendido: 32.6|BTC bajo SMA200: -19.0%|Drawdown 30D relevante: -16.9%|Fear & Greed extremo: 18 (Extreme Fear)|MVRV current atractivo: 1.13
2026-06-28 16:17:01,BTC,SCORE_WATCH,56,52453.0,🟡 BTC WATCH,RSI diario sobrevendido: 32.2|BTC bajo SMA200: -19.2%|Drawdown 30D relevante: -17.0%|Fear & Greed extremo: 18 (Extreme Fear)|MVRV current atractivo: 1.13
2026-06-28 16:45:59,BTC,SCORE_WATCH,66,52296.0,🟡 BTC WATCH,RSI diario sobrevendido: 31.8|BTC bajo SMA200: -19.4%|Drawdown 30D relevante: -17.3%|Drawdown 90D fuerte: -25.1%|Fear & Greed extremo: 18 (Extreme Fear)
2026-06-28 17:18:04,BTC,SCORE_WATCH,66,52313.0,🟡 BTC WATCH,RSI diario sobrevendido: 31.8|BTC bajo SMA200: -19.4%|Drawdown 30D relevante: -17.3%|Drawdown 90D fuerte: -25.0%|Fear & Greed extremo: 18 (Extreme Fear)
2026-06-28 18:11:47,BTC,SCORE_WATCH,66,52321.0,🟡 BTC WATCH,RSI diario sobrevendido: 31.9|BTC bajo SMA200: -19.4%|Drawdown 30D relevante: -17.3%|Drawdown 90D fuerte: -25.0%|Fear & Greed extremo: 18 (Extreme Fear)
2026-06-28 18:43:29,BTC,SCORE_WATCH,66,52279.0,🟡 BTC WATCH,RSI diario sobrevendido: 31.7|BTC bajo SMA200: -19.5%|Drawdown 30D relevante: -17.3%|Drawdown 90D fuerte: -25.1%|Fear & Greed extremo: 18 (Extreme Fear)
2026-06-28 19:15:25,BTC,SCORE_WATCH,66,52163.0,🟡 BTC WATCH,RSI diario sobrevendido: 31.4|BTC bajo SMA200: -19.6%|Drawdown 30D relevante: -17.5%|Drawdown 90D fuerte: -25.3%|Fear & Greed extremo: 18 (Extreme Fear)
2026-06-28 19:50:41,BTC,SCORE_WATCH,66,52052.0,🟡 BTC WATCH,RSI diario sobrevendido: 31.2|BTC bajo SMA200: -19.8%|Drawdown 30D relevante: -17.7%|Drawdown 90D fuerte: -25.4%|Fear & Greed extremo: 18 (Extreme Fear)
2026-06-28 20:42:18,BTC,SCORE_WATCH,56,52358.0,🟡 BTC WATCH,RSI diario sobrevendido: 32.0|BTC bajo SMA200: -19.3%|Drawdown 30D relevante: -17.2%|Fear & Greed extremo: 18 (Extreme Fear)|MVRV current atractivo: 1.13
2026-06-28 21:11:42,BTC,SCORE_WATCH,56,52359.0,🟡 BTC WATCH,RSI diario sobrevendido: 32.0|BTC bajo SMA200: -19.3%|Drawdown 30D relevante: -17.2%|Fear & Greed extremo: 18 (Extreme Fear)|MVRV current atractivo: 1.13
2026-06-28 21:41:27,BTC,SCORE_WATCH,56,52359.0,🟡 BTC WATCH,RSI diario sobrevendido: 32.0|BTC bajo SMA200: -19.3%|Drawdown 30D relevante: -17.2%|Fear & Greed extremo: 18 (Extreme Fear)|MVRV current atractivo: 1.13
2026-06-28 22:10:38,BTC,SCORE_WATCH,56,52428.0,🟡 BTC WATCH,RSI diario sobrevendido: 32.0|BTC bajo SMA200: -19.2%|Drawdown 30D relevante: -17.2%|Fear & Greed extremo: 18 (Extreme Fear)|MVRV current atractivo: 1.13
2026-06-28 22:39:47,BTC,ORDER_52000,86,51996.0,🟢 BTC STRONG BUY,"BTC en zona de órdenes: <= 52,000 € (Orden 1 - soporte 52k)|RSI diario sobrevendido: 31.0|BTC bajo SMA200: -19.9%|Drawdown 30D relevante: -17.8%|Drawdown 90D fuerte: -25.5%"
2026-06-28 23:11:50,BTC,SCORE_WATCH,66,52002.0,🟡 BTC WATCH,RSI diario sobrevendido: 31.0|BTC bajo SMA200: -19.9%|Drawdown 30D relevante: -17.7%|Drawdown 90D fuerte: -25.5%|Fear & Greed extremo: 18 (Extreme Fear)
2026-06-28 23:41:19,BTC,SCORE_WATCH,56,52435.0,🟡 BTC WATCH,RSI diario sobrevendido: 32.2|BTC bajo SMA200: -19.2%|Drawdown 30D relevante: -17.1%|Fear & Greed extremo: 18 (Extreme Fear)|MVRV current atractivo: 1.13
2026-06-29 00:12:31,BTC,SCORE_WATCH,66,52131.0,🟡 BTC WATCH,RSI diario sobrevendido: 31.4|BTC bajo SMA200: -19.5%|Drawdown 30D relevante: -17.5%|Drawdown 90D fuerte: -25.2%|Fear & Greed extremo: 12 (Extreme Fear)
2026-06-29 01:25:48,BTC,SCORE_WATCH,66,52001.0,🟡 BTC WATCH,RSI diario sobrevendido: 30.9|BTC bajo SMA200: -19.7%|Drawdown 30D relevante: -17.8%|Drawdown 90D fuerte: -25.5%|Fear & Greed extremo: 12 (Extreme Fear)
2026-06-29 02:44:41,BTC,SCORE_WATCH,56,52381.0,🟡 BTC WATCH,RSI diario sobrevendido: 31.9|BTC bajo SMA200: -19.1%|Drawdown 30D relevante: -17.2%|Fear & Greed extremo: 12 (Extreme Fear)|MVRV current atractivo: 1.13
2026-06-29 04:16:17,BTC,SCORE_WATCH,56,52557.0,🟡 BTC WATCH,RSI diario sobrevendido: 32.5|BTC bajo SMA200: -18.9%|Drawdown 30D relevante: -16.9%|Fear & Greed extremo: 12 (Extreme Fear)|MVRV current atractivo: 1.13
2026-06-29 06:01:29,BTC,SCORE_WATCH,56,52650.0,🟡 BTC WATCH,RSI diario sobrevendido: 33.0|BTC bajo SMA200: -18.7%|Drawdown 30D relevante: -16.7%|Fear & Greed extremo: 12 (Extreme Fear)|MVRV current atractivo: 1.12
2026-06-29 08:09:37,BTC,SCORE_WATCH,56,52486.0,🟡 BTC WATCH,RSI diario sobrevendido: 32.3|BTC bajo SMA200: -19.0%|Drawdown 30D relevante: -17.0%|Fear & Greed extremo: 12 (Extreme Fear)|MVRV current atractivo: 1.12
2026-06-29 09:55:49,BTC,SCORE_WATCH,56,52541.0,🟡 BTC WATCH,RSI diario sobrevendido: 32.5|BTC bajo SMA200: -18.9%|Drawdown 30D relevante: -16.9%|Fear & Greed extremo: 12 (Extreme Fear)|MVRV current atractivo: 1.12
2026-06-29 11:58:32,BTC,SCORE_WATCH,56,52448.0,🟡 BTC WATCH,RSI diario sobrevendido: 32.2|BTC bajo SMA200: -19.0%|Drawdown 30D relevante: -17.1%|Fear & Greed extremo: 12 (Extreme Fear)|MVRV current atractivo: 1.12
2026-06-29 13:48:19,BTC,SCORE_WATCH,66,52086.0,🟡 BTC WATCH,RSI diario sobrevendido: 31.0|BTC bajo SMA200: -19.6%|Drawdown 30D relevante: -17.7%|Drawdown 90D fuerte: -25.4%|Fear & Greed extremo: 12 (Extreme Fear)
2026-06-29 15:30:26,BTC,ORDER_52000,86,51848.0,🟢 BTC STRONG BUY,"BTC en zona de órdenes: <= 52,000 € (Orden 1 - soporte 52k)|RSI diario sobrevendido: 30.7|BTC bajo SMA200: -20.0%|Drawdown 30D relevante: -17.9%|Drawdown 90D fuerte: -25.6%"
2026-06-29 16:47:21,BTC,SCORE_WATCH,66,52293.0,🟡 BTC WATCH,RSI diario sobrevendido: 31.7|BTC bajo SMA200: -19.3%|Drawdown 30D relevante: -17.3%|Drawdown 90D fuerte: -25.1%|Fear & Greed extremo: 12 (Extreme Fear)
2026-06-29 17:46:24,BTC,SCORE_WATCH,56,52963.0,🟡 BTC WATCH,RSI diario sobrevendido: 34.9|BTC bajo SMA200: -18.3%|Drawdown 30D relevante: -16.2%|Fear & Greed extremo: 12 (Extreme Fear)|MVRV current atractivo: 1.12
2026-06-29 18:31:28,BTC,SCORE_WATCH,56,52686.0,🟡 BTC WATCH,RSI diario sobrevendido: 33.0|BTC bajo SMA200: -18.7%|Drawdown 30D relevante: -16.7%|Fear & Greed extremo: 12 (Extreme Fear)|MVRV current atractivo: 1.12
2026-06-29 19:24:00,BTC,SCORE_WATCH,56,52728.0,🟡 BTC WATCH,RSI diario sobrevendido: 33.6|BTC bajo SMA200: -18.6%|Drawdown 30D relevante: -16.6%|Fear & Greed extremo: 12 (Extreme Fear)|MVRV current atractivo: 1.12
2026-06-29 20:26:59,BTC,SCORE_WATCH,56,52806.0,🟡 BTC WATCH,RSI diario sobrevendido: 33.9|BTC bajo SMA200: -18.5%|Drawdown 30D relevante: -16.5%|Fear & Greed extremo: 12 (Extreme Fear)|MVRV current atractivo: 1.12
2026-06-29 21:15:28,BTC,SCORE_WATCH,56,52786.0,🟡 BTC WATCH,RSI diario sobrevendido: 33.8|BTC bajo SMA200: -18.5%|Drawdown 30D relevante: -16.5%|Fear & Greed extremo: 12 (Extreme Fear)|MVRV current atractivo: 1.12
2026-06-29 21:49:36,BTC,SCORE_WATCH,56,52861.0,🟡 BTC WATCH,RSI diario sobrevendido: 34.3|BTC bajo SMA200: -18.4%|Drawdown 30D relevante: -16.4%|Fear & Greed extremo: 12 (Extreme Fear)|MVRV current atractivo: 1.12
2026-06-29 22:39:26,BTC,SCORE_WATCH,56,52765.0,🟡 BTC WATCH,RSI diario sobrevendido: 33.7|BTC bajo SMA200: -18.6%|Drawdown 30D relevante: -16.5%|Fear & Greed extremo: 12 (Extreme Fear)|MVRV current atractivo: 1.12
2026-06-29 23:10:36,BTC,SCORE_WATCH,56,52756.0,🟡 BTC WATCH,RSI diario sobrevendido: 33.6|BTC bajo SMA200: -18.6%|Drawdown 30D relevante: -16.6%|Fear & Greed extremo: 12 (Extreme Fear)|MVRV current atractivo: 1.12
2026-06-29 23:41:50,BTC,SCORE_WATCH,56,52691.0,🟡 BTC WATCH,RSI diario sobrevendido: 33.1|BTC bajo SMA200: -18.7%|Drawdown 30D relevante: -16.7%|Fear & Greed extremo: 12 (Extreme Fear)|MVRV current atractivo: 1.12
2026-06-30 00:12:02,BTC,SCORE_WATCH,56,52658.0,🟡 BTC WATCH,RSI diario sobrevendido: 33.8|BTC bajo SMA200: -18.6%|Drawdown 30D relevante: -16.7%|Fear & Greed extremo: 15 (Extreme Fear)|MVRV current atractivo: 1.12
2026-06-30 01:19:39,BTC,SCORE_WATCH,56,52439.0,🟡 BTC WATCH,RSI diario sobrevendido: 32.5|BTC bajo SMA200: -18.9%|Drawdown 30D relevante: -17.0%|Fear & Greed extremo: 15 (Extreme Fear)|MVRV current atractivo: 1.12
2026-06-30 02:44:34,BTC,SCORE_WATCH,56,52542.0,🟡 BTC WATCH,RSI diario sobrevendido: 33.2|BTC bajo SMA200: -18.7%|Drawdown 30D relevante: -16.8%|Fear & Greed extremo: 15 (Extreme Fear)|MVRV current atractivo: 1.13
2026-06-30 04:15:16,BTC,SCORE_WATCH,66,52158.0,🟡 BTC WATCH,RSI diario sobrevendido: 31.2|BTC bajo SMA200: -19.3%|Drawdown 30D relevante: -17.4%|Drawdown 90D fuerte: -25.3%|Fear & Greed extremo: 15 (Extreme Fear)
2026-06-30 05:47:04,BTC,SCORE_WATCH,66,52200.0,🟡 BTC WATCH,RSI diario sobrevendido: 31.4|BTC bajo SMA200: -19.3%|Drawdown 30D relevante: -17.4%|Drawdown 90D fuerte: -25.2%|Fear & Greed extremo: 15 (Extreme Fear)
2026-06-30 07:06:45,BTC,SCORE_WATCH,66,52173.0,🟡 BTC WATCH,RSI diario sobrevendido: 31.2|BTC bajo SMA200: -19.3%|Drawdown 30D relevante: -17.4%|Drawdown 90D fuerte: -25.3%|Fear & Greed extremo: 15 (Extreme Fear)
2026-06-30 08:28:55,BTC,SCORE_WATCH,66,52051.0,🟡 BTC WATCH,RSI diario sobrevendido: 30.9|BTC bajo SMA200: -19.5%|Drawdown 30D relevante: -17.6%|Drawdown 90D fuerte: -25.4%|Fear & Greed extremo: 15 (Extreme Fear)
2026-06-30 10:03:49,BTC,SCORE_WATCH,66,52031.0,🟡 BTC WATCH,RSI diario sobrevendido: 30.9|BTC bajo SMA200: -19.5%|Drawdown 30D relevante: -17.6%|Drawdown 90D fuerte: -25.5%|Fear & Greed extremo: 15 (Extreme Fear)
2026-06-30 11:21:26,BTC,ORDER_52000,86,51960.0,🟢 BTC STRONG BUY,"BTC en zona de órdenes: <= 52,000 € (Orden 1 - soporte 52k)|RSI diario sobrevendido: 30.6|BTC bajo SMA200: -19.6%|Drawdown 30D relevante: -17.7%|Drawdown 90D fuerte: -25.6%"
2026-06-30 12:28:49,BTC,ORDER_52000,92,51569.0,🟢 BTC STRONG BUY,"BTC en zona de órdenes: <= 52,000 € (Orden 1 - soporte 52k)|RSI diario sobrevendido: 29.6|BTC muy bajo SMA200: -20.2%|Drawdown 30D relevante: -18.3%|Drawdown 90D fuerte: -26.1%"
2026-06-30 13:25:55,BTC,ORDER_52000,92,51225.0,🟢 BTC STRONG BUY,"BTC en zona de órdenes: <= 52,000 € (Orden 1 - soporte 52k)|RSI diario sobrevendido: 28.6|BTC muy bajo SMA200: -20.8%|Drawdown 30D relevante: -18.9%|Drawdown 90D fuerte: -26.6%"
2026-06-30 14:39:34,BTC,ORDER_52000,92,51383.0,🟢 BTC STRONG BUY,"BTC en zona de órdenes: <= 52,000 € (Orden 1 - soporte 52k)|RSI diario sobrevendido: 29.0|BTC muy bajo SMA200: -20.5%|Drawdown 30D relevante: -18.6%|Drawdown 90D fuerte: -26.4%"
2026-06-30 15:39:37,BTC,ORDER_52000,92,51011.0,🟢 BTC STRONG BUY,"BTC en zona de órdenes: <= 52,000 € (Orden 1 - soporte 52k)|RSI diario sobrevendido: 28.0|BTC muy bajo SMA200: -21.1%|Drawdown 30D relevante: -19.2%|Drawdown 90D fuerte: -26.9%"
2026-06-30 16:33:20,BTC,ORDER_52000,92,51001.0,🟢 BTC STRONG BUY,"BTC en zona de órdenes: <= 52,000 € (Orden 1 - soporte 52k)|RSI diario sobrevendido: 28.0|BTC muy bajo SMA200: -21.1%|Drawdown 30D relevante: -19.2%|Drawdown 90D fuerte: -26.9%"
2026-06-30 17:26:45,BTC,ORDER_52000,92,51082.0,🟢 BTC STRONG BUY,"BTC en zona de órdenes: <= 52,000 € (Orden 1 - soporte 52k)|RSI diario sobrevendido: 28.2|BTC muy bajo SMA200: -21.0%|Drawdown 30D relevante: -19.1%|Drawdown 90D fuerte: -26.8%"
2026-06-30 18:22:47,BTC,ORDER_52000,92,51219.0,🟢 BTC STRONG BUY,"BTC en zona de órdenes: <= 52,000 € (Orden 1 - soporte 52k)|RSI diario sobrevendido: 28.5|BTC muy bajo SMA200: -20.8%|Drawdown 30D relevante: -18.9%|Drawdown 90D fuerte: -26.6%"
2026-06-30 19:23:52,BTC,ORDER_52000,92,51243.0,🟢 BTC STRONG BUY,"BTC en zona de órdenes: <= 52,000 € (Orden 1 - soporte 52k)|RSI diario sobrevendido: 28.6|BTC muy bajo SMA200: -20.7%|Drawdown 30D relevante: -18.9%|Drawdown 90D fuerte: -26.6%"
2026-06-30 20:28:45,BTC,ORDER_52000,92,51332.0,🟢 BTC STRONG BUY,"BTC en zona de órdenes: <= 52,000 € (Orden 1 - soporte 52k)|RSI diario sobrevendido: 28.9|BTC muy bajo SMA200: -20.6%|Drawdown 30D relevante: -18.7%|Drawdown 90D fuerte: -26.5%"
2026-06-30 21:19:54,BTC,ORDER_52000,92,51243.0,🟢 BTC STRONG BUY,"BTC en zona de órdenes: <= 52,000 € (Orden 1 - soporte 52k)|RSI diario sobrevendido: 28.6|BTC muy bajo SMA200: -20.7%|Drawdown 30D relevante: -18.9%|Drawdown 90D fuerte: -26.6%"
2026-06-30 22:13:49,BTC,ORDER_52000,92,51305.0,🟢 BTC STRONG BUY,"BTC en zona de órdenes: <= 52,000 € (Orden 1 - soporte 52k)|RSI diario sobrevendido: 28.7|BTC muy bajo SMA200: -20.6%|Drawdown 30D relevante: -18.8%|Drawdown 90D fuerte: -26.5%"
2026-06-30 22:47:17,BTC,ORDER_52000,92,51215.0,🟢 BTC STRONG BUY,"BTC en zona de órdenes: <= 52,000 € (Orden 1 - soporte 52k)|RSI diario sobrevendido: 28.5|BTC muy bajo SMA200: -20.8%|Drawdown 30D relevante: -18.9%|Drawdown 90D fuerte: -26.6%"
2026-06-30 23:19:37,BTC,ORDER_52000,92,51264.0,🟢 BTC STRONG BUY,"BTC en zona de órdenes: <= 52,000 € (Orden 1 - soporte 52k)|RSI diario sobrevendido: 28.6|BTC muy bajo SMA200: -20.7%|Drawdown 30D relevante: -18.9%|Drawdown 90D fuerte: -26.6%"
2026-07-01 00:12:18,BTC,ORDER_52000,92,51354.0,🟢 BTC STRONG BUY,"BTC en zona de órdenes: <= 52,000 € (Orden 1 - soporte 52k)|RSI diario sobrevendido: 29.8|BTC muy bajo SMA200: -20.4%|Drawdown 30D relevante: -16.3%|Drawdown 90D fuerte: -26.4%"
2026-07-01 01:25:25,BTC,ORDER_52000,92,51040.0,🟢 BTC STRONG BUY,"BTC en zona de órdenes: <= 52,000 € (Orden 1 - soporte 52k)|RSI diario sobrevendido: 28.9|BTC muy bajo SMA200: -20.9%|Drawdown 30D relevante: -16.8%|Drawdown 90D fuerte: -26.9%"
2026-07-01 02:44:36,BTC,ORDER_52000,86,51724.0,🟢 BTC STRONG BUY,"BTC en zona de órdenes: <= 52,000 € (Orden 1 - soporte 52k)|RSI diario sobrevendido: 31.0|BTC bajo SMA200: -19.8%|Drawdown 30D relevante: -15.6%|Drawdown 90D fuerte: -25.9%"
2026-07-01 04:16:10,BTC,ORDER_52000,86,51768.0,🟢 BTC STRONG BUY,"BTC en zona de órdenes: <= 52,000 € (Orden 1 - soporte 52k)|RSI diario sobrevendido: 31.0|BTC bajo SMA200: -19.8%|Drawdown 30D relevante: -15.6%|Drawdown 90D fuerte: -25.9%"
2026-07-01 05:55:01,BTC,ORDER_52000,86,51777.0,🟢 BTC STRONG BUY,"BTC en zona de órdenes: <= 52,000 € (Orden 1 - soporte 52k)|RSI diario sobrevendido: 31.0|BTC bajo SMA200: -19.8%|Drawdown 30D relevante: -15.6%|Drawdown 90D fuerte: -25.8%"
2026-07-01 07:50:19,BTC,ORDER_52000,92,51454.0,🟢 BTC STRONG BUY,"BTC en zona de órdenes: <= 52,000 € (Orden 1 - soporte 52k)|RSI diario sobrevendido: 30.1|BTC muy bajo SMA200: -20.3%|Drawdown 30D relevante: -16.1%|Drawdown 90D fuerte: -26.3%"
2026-07-01 09:30:03,BTC,ORDER_52000,92,51615.0,🟢 BTC STRONG BUY,"BTC en zona de órdenes: <= 52,000 € (Orden 1 - soporte 52k)|RSI diario sobrevendido: 30.5|BTC muy bajo SMA200: -20.0%|Drawdown 30D relevante: -15.9%|Drawdown 90D fuerte: -26.1%"
2026-07-01 10:55:35,BTC,ORDER_52000,92,51405.0,🟢 BTC STRONG BUY,"BTC en zona de órdenes: <= 52,000 € (Orden 1 - soporte 52k)|RSI diario sobrevendido: 29.9|BTC muy bajo SMA200: -20.3%|Drawdown 30D relevante: -16.2%|Drawdown 90D fuerte: -26.4%"
2026-07-01 20:42:56,BTC,NO_SIGNAL,46,52720.0,⚪ SIN SEÑAL,RSI diario sobrevendido: 34.3|BTC bajo SMA200: -18.3%|Fear & Greed extremo: 11 (Extreme Fear)|MVRV current atractivo: 1.10
2026-07-02 07:21:28,BTC,NO_SIGNAL,31,52766.0,⚪ SIN SEÑAL,BTC bajo SMA200: -18.1%|Fear & Greed extremo: 19 (Extreme Fear)|MVRV current atractivo: 1.13
2026-07-02 09:41:17,BTC,NO_SIGNAL,31,53227.0,⚪ SIN SEÑAL,BTC bajo SMA200: -17.4%|Fear & Greed extremo: 19 (Extreme Fear)|MVRV current atractivo: 1.13
2026-07-02 10:03:59,BTC,NO_SIGNAL,31,53510.0,⚪ SIN SEÑAL,BTC bajo SMA200: -16.9%|Fear & Greed extremo: 19 (Extreme Fear)|MVRV current atractivo: 1.13
2026-07-02 20:35:23,BTC,NO_SIGNAL,31,53645.0,⚪ SIN SEÑAL,BTC bajo SMA200: -16.7%|Fear & Greed extremo: 19 (Extreme Fear)|MVRV current atractivo: 1.13
2026-07-03 09:31:49,BTC,NO_SIGNAL,31,53821.0,⚪ SIN SEÑAL,BTC bajo SMA200: -16.3%|Fear & Greed extremo: 21 (Extreme Fear)|MVRV current atractivo: 1.16
2026-07-03 21:13:37,BTC,NO_SIGNAL,31,54844.0,⚪ SIN SEÑAL,BTC bajo SMA200: -14.7%|Fear & Greed extremo: 21 (Extreme Fear)|MVRV current atractivo: 1.16
2026-07-04 08:48:36,BTC,NO_SIGNAL,31,54690.0,⚪ SIN SEÑAL,BTC bajo SMA200: -14.8%|Fear & Greed extremo: 22 (Extreme Fear)|MVRV current atractivo: 1.18
2026-07-04 21:04:20,BTC,NO_SIGNAL,31,55221.0,⚪ SIN SEÑAL,BTC bajo SMA200: -14.0%|Fear & Greed extremo: 22 (Extreme Fear)|MVRV current atractivo: 1.18
2026-07-05 09:18:49,BTC,NO_SIGNAL,31,54934.0,⚪ SIN SEÑAL,BTC bajo SMA200: -14.3%|Fear & Greed extremo: 23 (Extreme Fear)|MVRV current atractivo: 1.19
2026-07-05 21:07:54,BTC,NO_SIGNAL,31,54736.0,⚪ SIN SEÑAL,BTC bajo SMA200: -14.6%|Fear & Greed extremo: 23 (Extreme Fear)|MVRV current atractivo: 1.19
2026-07-06 10:56:22,BTC,NO_SIGNAL,31,54975.0,⚪ SIN SEÑAL,BTC bajo SMA200: -14.1%|Fear & Greed extremo: 24 (Extreme Fear)|MVRV current atractivo: 1.20
2026-07-06 21:40:46,BTC,NO_SIGNAL,31,56066.0,⚪ SIN SEÑAL,BTC bajo SMA200: -12.4%|Fear & Greed extremo: 24 (Extreme Fear)|MVRV current atractivo: 1.20
2026-07-07 09:57:32,BTC,NO_SIGNAL,24,55303.0,⚪ SIN SEÑAL,BTC bajo SMA200: -13.5%|Fear & Greed en miedo: 27 (Fear)|MVRV current atractivo: 1.21
2026-07-07 21:34:55,BTC,NO_SIGNAL,24,55633.0,⚪ SIN SEÑAL,BTC bajo SMA200: -13.0%|Fear & Greed en miedo: 27 (Fear)|MVRV current atractivo: 1.21
2026-07-08 07:19:02,BTC,NO_SIGNAL,31,54878.0,⚪ SIN SEÑAL,BTC bajo SMA200: -14.0%|Fear & Greed extremo: 20 (Extreme Fear)|MVRV current atractivo: 1.20
2026-07-08 08:41:39,BTC,NO_SIGNAL,31,54242.0,⚪ SIN SEÑAL,BTC bajo SMA200: -15.0%|Fear & Greed extremo: 20 (Extreme Fear)|MVRV current atractivo: 1.20
2026-07-08 21:13:51,BTC,NO_SIGNAL,31,54288.0,⚪ SIN SEÑAL,BTC bajo SMA200: -14.9%|Fear & Greed extremo: 20 (Extreme Fear)|MVRV current atractivo: 1.20
2026-07-09 09:54:41,BTC,NO_SIGNAL,31,54996.0,⚪ SIN SEÑAL,BTC bajo SMA200: -13.7%|Fear & Greed extremo: 22 (Extreme Fear)|MVRV current atractivo: 1.17
2026-07-09 21:26:47,BTC,NO_SIGNAL,31,55328.0,⚪ SIN SEÑAL,BTC bajo SMA200: -13.2%|Fear & Greed extremo: 22 (Extreme Fear)|MVRV current atractivo: 1.17
2026-07-10 09:50:05,BTC,NO_SIGNAL,31,56331.0,⚪ SIN SEÑAL,BTC bajo SMA200: -11.5%|Fear & Greed extremo: 23 (Extreme Fear)|MVRV current atractivo: 1.19
2026-07-10 21:10:55,BTC,NO_SIGNAL,31,55932.0,⚪ SIN SEÑAL,BTC bajo SMA200: -12.1%|Fear & Greed extremo: 23 (Extreme Fear)|MVRV current atractivo: 1.19
2026-07-11 08:08:17,BTC,NO_SIGNAL,24,56147.0,⚪ SIN SEÑAL,BTC bajo SMA200: -11.6%|Fear & Greed en miedo: 26 (Fear)|MVRV current atractivo: 1.21
2026-07-11 20:56:43,BTC,NO_SIGNAL,24,56361.0,⚪ SIN SEÑAL,BTC bajo SMA200: -11.3%|Fear & Greed en miedo: 26 (Fear)|MVRV current atractivo: 1.21
2026-07-12 08:29:07,BTC,NO_SIGNAL,24,56035.0,⚪ SIN SEÑAL,BTC bajo SMA200: -11.7%|Fear & Greed en miedo: 26 (Fear)|MVRV current atractivo: 1.21
2026-07-12 20:57:01,BTC,NO_SIGNAL,24,56274.0,⚪ SIN SEÑAL,BTC bajo SMA200: -11.3%|Fear & Greed en miedo: 26 (Fear)|MVRV current atractivo: 1.21
2026-07-13 09:43:41,BTC,NO_SIGNAL,24,55166.0,⚪ SIN SEÑAL,BTC bajo SMA200: -12.9%|Fear & Greed en miedo: 28 (Fear)|MVRV current atractivo: 1.20
2026-07-13 21:02:03,BTC,NO_SIGNAL,24,54603.0,⚪ SIN SEÑAL,BTC bajo SMA200: -13.8%|Fear & Greed en miedo: 28 (Fear)|MVRV current atractivo: 1.20
2026-07-14 08:23:00,BTC,NO_SIGNAL,31,54842.0,⚪ SIN SEÑAL,BTC bajo SMA200: -13.3%|Fear & Greed extremo: 22 (Extreme Fear)|MVRV current atractivo: 1.17
2026-07-14 21:04:32,BTC,NO_SIGNAL,31,56479.0,⚪ SIN SEÑAL,BTC bajo SMA200: -10.7%|Fear & Greed extremo: 22 (Extreme Fear)|MVRV current atractivo: 1.17
2026-07-15 08:29:23,BTC,LUMP_SUM_RECLAIM,64,56512.0,🟡 BTC EN VIGILANCIA,"Precio recupera reclaim: 56,500 €|RSI confirma momentum tras reclaim: 55.7|BTC bajo SMA200: -10.5%|Fear & Greed extremo: 25 (Extreme Fear)|MVRV current atractivo: 1.23"
2026-07-15 21:04:56,BTC,LUMP_SUM_RECLAIM,64,56653.0,🟡 BTC EN VIGILANCIA,"Precio recupera reclaim: 56,500 €|RSI confirma momentum tras reclaim: 56.3|BTC bajo SMA200: -10.3%|Fear & Greed extremo: 25 (Extreme Fear)|MVRV current atractivo: 1.23"
2026-07-16 08:27:30,BTC,NO_SIGNAL,31,55822.0,⚪ SIN SEÑAL,BTC bajo SMA200: -11.5%|Fear & Greed extremo: 25 (Extreme Fear)|MVRV current atractivo: 1.22
2026-07-16 21:07:18,BTC,NO_SIGNAL,31,56020.0,⚪ SIN SEÑAL,BTC bajo SMA200: -11.2%|Fear & Greed extremo: 25 (Extreme Fear)|MVRV current atractivo: 1.22
2026-07-17 08:23:22,BTC,NO_SIGNAL,24,54859.0,⚪ SIN SEÑAL,BTC bajo SMA200: -12.9%|Fear & Greed en miedo: 27 (Fear)|MVRV current atractivo: 1.21
2026-07-17 21:01:22,BTC,NO_SIGNAL,24,56022.0,⚪ SIN SEÑAL,BTC bajo SMA200: -11.1%|Fear & Greed en miedo: 27 (Fear)|MVRV current atractivo: 1.21
2026-07-18 08:04:52,BTC,NO_SIGNAL,31,55899.0,⚪ SIN SEÑAL,BTC bajo SMA200: -11.1%|Fear & Greed extremo: 25 (Extreme Fear)|MVRV current atractivo: 1.21
2026-07-18 20:56:13,BTC,NO_SIGNAL,31,56499.0,⚪ SIN SEÑAL,BTC bajo SMA200: -10.2%|Fear & Greed extremo: 25 (Extreme Fear)|MVRV current atractivo: 1.21
2026-07-19 08:30:22,BTC,LUMP_SUM_RECLAIM,57,56509.0,🟡 BTC EN VIGILANCIA,"Precio recupera reclaim: 56,500 €|RSI confirma momentum tras reclaim: 55.0|BTC bajo SMA200: -10.0%|Fear & Greed en miedo: 28 (Fear)|MVRV current atractivo: 1.23"
